0,0
8.008008008008009e-10,0.0031447166580338753
1.6016016016016018e-9,0.006289308919370529
2.4024024024024024e-9,0.009433652392233545
3.2032032032032036e-9,0.012577622694687924
4.0040040040040044e-9,0.0157210954595603
4.804804804804805e-9,0.01886394633935859
5.605605605605606e-9,0.02200605101119083
6.406406406406407e-9,0.02514728518168309
7.207207207207208e-9,0.028287524591896172
8.008008008008009e-9,0.03142664502224097
8.80880880880881e-9,0.03456452229739227
9.60960960960961e-9,0.037701032291200795
1.0410410410410411e-8,0.04083605093160332
1.1211211211211212e-8,0.043969454205530625
1.2012012012012013e-8,0.04710111816381313
1.2812812812812814e-8,0.05023091892608397
1.3613613613613616e-8,0.05335873268567946
1.4414414414414415e-8,0.056484435714536416
1.5215215215215216e-8,0.05960790436808668
1.6016016016016018e-8,0.06272901509014801
1.681681681681682e-8,0.06584764441781181
1.761761761761762e-8,0.06896366898632679
1.841841841841842e-8,0.07207696553397915
1.921921921921922e-8,0.07518741090696834
2.0020020020020024e-8,0.07829488206427884
2.0820820820820822e-8,0.08139925608254717
2.1621621621621626e-8,0.08450041016092455
2.2422422422422424e-8,0.08759822162593449
2.3223223223223225e-8,0.09069256793632553
2.4024024024024027e-8,0.09378332668791857
2.4824824824824828e-8,0.09687037561844883
2.562562562562563e-8,0.09995359261240229
2.6426426426426427e-8,0.10303285570584628
2.722722722722723e-8,0.10610804309125396
2.8028028028028033e-8,0.10917903312232273
2.882882882882883e-8,0.11224570431878629
2.9629629629629632e-8,0.11530793537122007
3.043043043043043e-8,0.11836560514583988
3.1231231231231234e-8,0.12141859268929359
3.2032032032032035e-8,0.1244667772334458
3.2832832832832837e-8,0.12751003820015522
3.363363363363364e-8,0.13054825520604413
3.443443443443444e-8,0.13358130806726065
3.523523523523524e-8,0.13660907680423293
3.6036036036036035e-8,0.13963144164641503
3.683683683683684e-8,0.14264828303702487
3.7637637637637644e-8,0.1456594816377736
3.843843843843844e-8,0.14866491833358614
3.923923923923924e-8,0.15166447423731333
4.004004004004005e-8,0.15465803069443446
4.084084084084085e-8,0.15764546928775122
4.1641641641641643e-8,0.16062667184207186
4.2442442442442445e-8,0.1636015204288858
4.324324324324325e-8,0.16656989737102879
4.404404404404405e-8,0.1695316852473376
4.484484484484485e-8,0.17248676689729522
4.564564564564565e-8,0.17543502542566525
4.644644644644645e-8,0.17837634420711587
4.724724724724725e-8,0.18131060689083345
4.804804804804805e-8,0.18423769740512494
4.8848848848848854e-8,0.18715749996200942
4.9649649649649655e-8,0.19006989906179836
5.045045045045045e-8,0.19297477949766434
5.125125125125126e-8,0.19587202636019865
5.205205205205206e-8,0.1987615250419565
5.2852852852852854e-8,0.2016431612419906
5.365365365365366e-8,0.20451682097037296
5.445445445445446e-8,0.20738239055270352
5.525525525525526e-8,0.21023975663460714
5.6056056056056065e-8,0.21308880618621767
5.685685685685686e-8,0.21592942650664865
5.765765765765766e-8,0.21876150522845214
5.845845845845847e-8,0.22158493032206306
5.9259259259259263e-8,0.22439959010023106
6.006006006006006e-8,0.22720537322243872
6.086086086086087e-8,0.2300021686993055
6.166166166166167e-8,0.23278986589697853
6.246246246246247e-8,0.23556835454150893
6.326326326326327e-8,0.2383375247232137
6.406406406406407e-8,0.24109726690102384
6.486486486486487e-8,0.24384747190681727
6.566566566566567e-8,0.2465880309497372
6.646646646646647e-8,0.24931883562049573
6.726726726726728e-8,0.25203977789566234
6.806806806806808e-8,0.2547507501419366
6.886886886886888e-8,0.2574516451204063
6.966966966966967e-8,0.26014235599078944
7.047047047047048e-8,0.26282277631566037
7.127127127127128e-8,0.26549280006466014
7.207207207207207e-8,0.26815232161869124
7.287287287287288e-8,0.27080123577409504
7.367367367367369e-8,0.2734394377468137
7.447447447447447e-8,0.2760668231765351
7.527527527527529e-8,0.2786832881308211
7.607607607607608e-8,0.28128872910921854
7.687687687687688e-8,0.2838830430473539
7.767767767767769e-8,0.28646612732100996
7.847847847847848e-8,0.28903787975018536
7.927927927927928e-8,0.2915981986031366
8.00800800800801e-8,0.29414698260040256
8.088088088088088e-8,0.2966841309188102
8.16816816816817e-8,0.2992095431954634
8.248248248248249e-8,0.30172311953171305
8.328328328328329e-8,0.30422476049710856
8.40840840840841e-8,0.3067143671333309
8.488488488488489e-8,0.30919184095810764
8.568568568568569e-8,0.31165708396910835
8.64864864864865e-8,0.3141099986478212
8.728728728728729e-8,0.3165504879634106
8.80880880880881e-8,0.31897845537655595
8.88888888888889e-8,0.3213938048432696
8.96896896896897e-8,0.323796440818697
9.04904904904905e-8,0.3261862682608955
9.12912912912913e-8,0.32856319263459427
9.20920920920921e-8,0.330927119914934
9.28928928928929e-8,0.33327795659118603
9.36936936936937e-8,0.33561560967045134
9.44944944944945e-8,0.3379399866813395
9.52952952952953e-8,0.3402509956776262
9.60960960960961e-8,0.34254854524189043
9.689689689689691e-8,0.344832544489131
9.769769769769771e-8,0.34710290307036124
9.849849849849851e-8,0.34935953117618374
9.929929929929931e-8,0.351602339540342
1.0010010010010011e-7,0.35383123944325223
1.009009009009009e-7,0.3560461427155127
1.017017017017017e-7,0.3582469617413916
1.0250250250250252e-7,0.3604336094622925
1.0330330330330332e-7,0.36260599938019866
1.0410410410410412e-7,0.36476404556109426
1.049049049049049e-7,0.36690766263836383
1.0570570570570571e-7,0.36903676581616945
1.0650650650650651e-7,0.37115127087280464
1.0730730730730732e-7,0.373251094164026
1.0810810810810812e-7,0.37533615262636216
1.0890890890890893e-7,0.3774063637803995
1.0970970970970971e-7,0.37946164573404445
1.1051051051051051e-7,0.3815019171857636
1.1131131131131132e-7,0.38352709742779933
1.1211211211211213e-7,0.3855371063493624
1.1291291291291293e-7,0.3875318644398008
1.1371371371371372e-7,0.38951129279174557
1.1451451451451452e-7,0.39147531310423156
1.1531531531531532e-7,0.39342384768579497
1.1611611611611612e-7,0.39535681945754686
1.1691691691691694e-7,0.39727415195622184
1.1771771771771771e-7,0.39917576933720295
1.1851851851851853e-7,0.40106159637752187
1.1931931931931933e-7,0.40293155847883455
1.2012012012012013e-7,0.404785581670372
1.2092092092092093e-7,0.4066235926118665
1.2172172172172173e-7,0.40844551859645273
1.2252252252252253e-7,0.41025128755354373
1.2332332332332333e-7,0.4120408280516822
1.2412412412412414e-7,0.4138140693013656
1.2492492492492494e-7,0.4155709411578468
1.2572572572572574e-7,0.4173113741239087
1.2652652652652654e-7,0.4190352993526132
1.2732732732732734e-7,0.4207426486500251
1.2812812812812814e-7,0.42243335447790886
1.2892892892892894e-7,0.4241073499564012
1.2972972972972974e-7,0.42576456886665565
1.3053053053053052e-7,0.42740494565346293
1.3133133133133135e-7,0.42902841542784376
1.3213213213213215e-7,0.4306349139696154
1.3293293293293295e-7,0.43222437772993244
1.3373373373373375e-7,0.4337967438338007
1.3453453453453455e-7,0.4353519500825638
1.3533533533533533e-7,0.4368899349563642
1.3613613613613615e-7,0.4384106376165768
1.3693693693693695e-7,0.43991399790821467
1.3773773773773776e-7,0.4413999563623098
1.3853853853853856e-7,0.4428684541982647
1.3933933933933933e-7,0.4443194333261779
1.4014014014014016e-7,0.4457528363491419
1.4094094094094096e-7,0.4471686065655136
1.4174174174174176e-7,0.448566687971157
1.4254254254254256e-7,0.4499470252616591
1.4334334334334334e-7,0.451309563834517
1.4414414414414414e-7,0.4526542497912983
1.4494494494494497e-7,0.45398102993977313
1.4574574574574577e-7,0.4552898517960178
1.4654654654654657e-7,0.45658066358649163
1.4734734734734737e-7,0.4578534142500846
1.4814814814814815e-7,0.459108053440137
1.4894894894894895e-7,0.4603445315264315
1.4974974974974977e-7,0.4615627995971562
1.5055055055055058e-7,0.462762809460839
1.5135135135135138e-7,0.4639445136482547
1.5215215215215215e-7,0.4651078654143021
1.5295295295295295e-7,0.4662528187398537
1.5375375375375375e-7,0.4673793283335755
1.5455455455455458e-7,0.468487349633719
1.5535535535535538e-7,0.4695768388098839
1.5615615615615616e-7,0.47064775276475157
1.5695695695695696e-7,0.4717000491357906
1.5775775775775776e-7,0.4727336862969317
1.5855855855855856e-7,0.4737486233602149
1.593593593593594e-7,0.4747448201774067
1.601601601601602e-7,0.47572223734158836
1.6096096096096096e-7,0.47668083618871465
1.6176176176176177e-7,0.47762057879914344
1.6256256256256257e-7,0.4785414279991354
1.633633633633634e-7,0.47944334736232486
1.641641641641642e-7,0.48032630121116054
1.6496496496496497e-7,0.4811902546183167
1.6576576576576577e-7,0.48203517340807533
1.6656656656656657e-7,0.4828610241576773
1.6736736736736737e-7,0.4836677741986451
1.681681681681682e-7,0.48445539161807477
1.68968968968969e-7,0.4852238452598985
1.6976976976976978e-7,0.48597310472611677
1.7057057057057058e-7,0.48670314037800133
1.7137137137137138e-7,0.4874139233372671
1.7217217217217218e-7,0.4881054254872148
1.72972972972973e-7,0.48877761947384313
1.7377377377377378e-7,0.48943047870693074
1.7457457457457459e-7,0.49006397736108825
1.7537537537537539e-7,0.49067809037677973
1.761761761761762e-7,0.49127279346131386
1.76976976976977e-7,0.49184806308980505
1.777777777777778e-7,0.492403876506104
1.785785785785786e-7,0.4929402117236979
1.793793793793794e-7,0.49345704752658
1.801801801801802e-7,0.49395436347008903
1.80980980980981e-7,0.49443213988171786
1.817817817817818e-7,0.4948903578618917
1.825825825825826e-7,0.49532899928471585
1.833833833833834e-7,0.4957480467986924
1.841841841841842e-7,0.4961474838274068
1.84984984984985e-7,0.49652729457018385
1.857857857857858e-7,0.4968874640027121
1.865865865865866e-7,0.4972279778776388
1.873873873873874e-7,0.497548822725133
1.881881881881882e-7,0.49784998585341883
1.88988988988989e-7,0.49813145534927716
1.897897897897898e-7,0.49839322007851716
1.905905905905906e-7,0.49863526968641636
1.913913913913914e-7,0.4988575945981307
1.921921921921922e-7,0.49906018601907315
1.9299299299299301e-7,0.4992430359352612
1.9379379379379381e-7,0.4994061371136346
1.9459459459459462e-7,0.49954948310234076
1.9539539539539542e-7,0.49967306823099045
1.9619619619619622e-7,0.4997768876108819
1.9699699699699702e-7,0.49986093713519436
1.9779779779779782e-7,0.4999252134791502
1.9859859859859862e-7,0.49996971410014684
1.993993993993994e-7,0.499994437237857
2.0020020020020022e-7,0.4999993819142987
2.0100100100100103e-7,0.4999845479338734
2.018018018018018e-7,0.49994993588337444
2.0260260260260263e-7,0.4998955471319631
2.034034034034034e-7,0.49982138383111496
2.0420420420420423e-7,0.49972744891453463
2.0500500500500503e-7,0.4996137460980397
2.058058058058058e-7,0.49948027987941374
2.0660660660660663e-7,0.4993270555382282
2.074074074074074e-7,0.4991540791356341
2.0820820820820824e-7,0.49896135751412163
2.09009009009009e-7,0.49874889829724983
2.098098098098098e-7,0.4985167098893451
2.1061061061061064e-7,0.49826480147516833
2.1141141141141141e-7,0.4979931830195522
2.1221221221221224e-7,0.49770186526700627
2.1301301301301302e-7,0.49739085974129266
2.1381381381381384e-7,0.4970601787449696
2.1461461461461465e-7,0.49670983535890534
2.1541541541541542e-7,0.49633984344176013
2.1621621621621625e-7,0.4959502176294384
2.1701701701701702e-7,0.4955409733345098
2.1781781781781785e-7,0.49511212674559923
2.1861861861861865e-7,0.49466369482674677
2.1941941941941943e-7,0.4941956953167364
2.2022022022022025e-7,0.49370814672839447
2.2102102102102103e-7,0.4932010683478573
2.2182182182182186e-7,0.4926744802338082
2.2262262262262263e-7,0.49212840321668433
2.2342342342342343e-7,0.4915628588978521
2.2422422422422426e-7,0.49097786964875334
2.2502502502502504e-7,0.49037345861001985
2.2582582582582586e-7,0.48974964969055823
2.2662662662662664e-7,0.4891064675666042
2.2742742742742744e-7,0.4884439376807463
2.2822822822822827e-7,0.4877620862409194
2.2902902902902904e-7,0.48706094021936813
2.2982982982982987e-7,0.48634052735158
2.3063063063063064e-7,0.48560087613518815
2.3143143143143142e-7,0.48484201582884384
2.3223223223223225e-7,0.4840639764510594
2.3303303303303305e-7,0.4832667887790207
2.3383383383383388e-7,0.4824504843473695
2.3463463463463465e-7,0.4816150954469563
2.3543543543543542e-7,0.48076065512356275
2.3623623623623625e-7,0.4798871971765945
2.3703703703703705e-7,0.47899475615774445
2.3783783783783788e-7,0.4780833673696255
2.3863863863863866e-7,0.4771530668643744
2.394394394394395e-7,0.4762038914422257
2.4024024024024026e-7,0.47523587865005573
2.4104104104104103e-7,0.47424906677989764
2.4184184184184186e-7,0.47324349486742623
2.4264264264264264e-7,0.47221920269041445
2.4344344344344346e-7,0.4711762307671593
2.442442442442443e-7,0.4701146203548795
2.4504504504504507e-7,0.46903441344808294
2.458458458458459e-7,0.467935652776906
2.4664664664664667e-7,0.4668183818054231
2.474474474474475e-7,0.46568264472992704
2.4824824824824827e-7,0.46452848647718137
2.4904904904904905e-7,0.4633559527026425
2.4984984984984987e-7,0.46216508978865417
2.5065065065065065e-7,0.4609559448426126
2.514514514514515e-7,0.45972856569510273
2.5225225225225225e-7,0.4584830008980067
2.530530530530531e-7,0.4572192997225829
2.538538538538539e-7,0.4559375121575169
2.546546546546547e-7,0.4546376889069443
2.554554554554555e-7,0.4533198813884446
2.562562562562563e-7,0.4519841417310081
2.5705705705705706e-7,0.45063052277297244
2.578578578578579e-7,0.4492590780599336
2.5865865865865866e-7,0.4478698618426278
2.594594594594595e-7,0.44646292907478424
2.6026026026026026e-7,0.44503833541095295
2.6106106106106104e-7,0.44359613720430213
2.6186186186186186e-7,0.4421363915043889
2.626626626626627e-7,0.4406591560549035
2.634634634634635e-7,0.43916448929138435
2.642642642642643e-7,0.4376524503389065
2.650650650650651e-7,0.43612309900974305
2.658658658658659e-7,0.4345764958009995
2.6666666666666667e-7,0.43301270189221935
2.674674674674675e-7,0.4314317791429655
2.682682682682683e-7,0.4298337900903727
2.690690690690691e-7,0.4282187979466729
2.698698698698699e-7,0.42658686659669637
2.7067067067067065e-7,0.42493806059534334
2.714714714714715e-7,0.42327244516503026
2.722722722722723e-7,0.4215900861931112
2.7307307307307313e-7,0.41989105022926987
2.738738738738739e-7,0.4181754044828881
2.746746746746747e-7,0.41644321682038676
2.754754754754755e-7,0.41469455576254144
2.762762762762763e-7,0.41292949048177163
2.770770770770771e-7,0.4111480907994047
2.778778778778779e-7,0.4093504271829141
2.7867867867867866e-7,0.4075365707431312
2.794794794794795e-7,0.4057065932314329
2.802802802802803e-7,0.40386056703690354
2.8108108108108115e-7,0.40199856518347027
2.818818818818819e-7,0.400120661327016
2.826826826826827e-7,0.39822692975246454
2.834834834834835e-7,0.3963174453708424
2.842842842842843e-7,0.39439228371631574
2.8508508508508513e-7,0.3924515209432023
2.858858858858859e-7,0.3904952338229588
2.866866866866867e-7,0.3885234997411443
2.874874874874875e-7,0.3865363966943589
2.882882882882883e-7,0.3845340032871585
2.890890890890891e-7,0.38251639872894494
2.8988988988988993e-7,0.38048366283083374
2.9069069069069076e-7,0.37843587600249584
2.9149149149149154e-7,0.3763731192489774
2.922922922922923e-7,0.3742954741674953
2.9309309309309314e-7,0.3722030229442095
2.938938938938939e-7,0.3700958483509718
2.9469469469469474e-7,0.36797403374205173
2.954954954954955e-7,0.3658376630508392
2.962962962962963e-7,0.3636868207865244
2.970970970970971e-7,0.36152159203075457
2.978978978978979e-7,0.35934206243426925
2.986986986986987e-7,0.35714831821351045
2.9949949949949955e-7,0.35494044614721426
3.003003003003003e-7,0.35271853357297667
3.0110110110110115e-7,0.3504826683837987
3.019019019019019e-7,0.3482329390246109
3.0270270270270275e-7,0.3459694344887731
3.0350350350350353e-7,0.3436922443145552
3.043043043043043e-7,0.34140145858159454
3.0510510510510513e-7,0.33909716790733324
3.059059059059059e-7,0.336779463443433
3.0670670670670673e-7,0.3344484368721697
3.075075075075075e-7,0.3321041804028071
3.0830830830830834e-7,0.32974678676794805
3.0910910910910916e-7,0.32737634921986747
3.0990990990990994e-7,0.32499296152682344
3.1071071071071077e-7,0.3225967179693467
3.1151151151151154e-7,0.32018771333651297
3.123123123123123e-7,0.31776604292219224
3.1311311311311314e-7,0.3153318025212786
3.139139139139139e-7,0.31288508842590296
3.1471471471471475e-7,0.31042599742162186
3.155155155155155e-7,0.30795462678358987
3.1631631631631635e-7,0.30547107427271136
3.171171171171171e-7,0.3029754381317742
3.1791791791791795e-7,0.30046781708156156
3.187187187187188e-7,0.2979483103169488
3.1951951951951955e-7,0.29541701750297916
3.203203203203204e-7,0.29287403877091966
3.2112112112112115e-7,0.29031947471430275
3.2192192192192193e-7,0.28775342638494517
3.2272272272272276e-7,0.2851759952889507
3.2352352352352353e-7,0.28258728338269645
3.2432432432432436e-7,0.2799873930687977
3.2512512512512513e-7,0.2773764271920586
3.2592592592592596e-7,0.2747544890354031
3.267267267267268e-7,0.2721216823157896
3.2752752752752756e-7,0.26947811118010834
3.283283283283284e-7,0.26682388020106107
3.2912912912912917e-7,0.26415909437302587
3.2992992992992994e-7,0.2614838591079014
3.3073073073073077e-7,0.2587982802309392
3.3153153153153154e-7,0.25610246397655717
3.3233233233233237e-7,0.2533965169841363
3.3313313313313315e-7,0.250680546293803
3.339339339339339e-7,0.24795465934219477
3.3473473473473475e-7,0.2452189639582103
3.355355355355356e-7,0.24247356835874395
3.363363363363364e-7,0.23971858114440497
3.371371371371372e-7,0.23695411129522168
3.37937937937938e-7,0.2341802681663302
3.387387387387388e-7,0.23139716148364944
3.3953953953953956e-7,0.2286049013395397
3.403403403403404e-7,0.2258035981884475
3.4114114114114116e-7,0.22299336284253798
3.41941941941942e-7,0.22017430646730965
3.4274274274274276e-7,0.21734654057719782
3.4354354354354354e-7,0.21451017703116326
3.4434434434434436e-7,0.21166532802826726
3.451451451451452e-7,0.20881210610323353
3.45945945945946e-7,0.20595062412199622
3.467467467467468e-7,0.2030809952772363
3.4754754754754757e-7,0.20020333308390204
3.483483483483484e-7,0.19731775137472035
3.4914914914914917e-7,0.1944243642956939
3.4994994994995e-7,0.1915232863015838
3.5075075075075077e-7,0.18861463215138494
3.5155155155155155e-7,0.18569851690378425
3.523523523523524e-7,0.1827750559126095
3.5315315315315315e-7,0.17984436482226787
3.53953953953954e-7,0.1769065595631694
3.547547547547548e-7,0.173961756347142
3.555555555555556e-7,0.17101007166283444
3.563563563563564e-7,0.16805162227110812
3.571571571571572e-7,0.1650865252004185
3.57957957957958e-7,0.16211489774218538
3.587587587587588e-7,0.1591368574461544
3.5955955955955956e-7,0.1561525221157449
3.603603603603604e-7,0.15316200980339167
3.6116116116116116e-7,0.15016543880587543
3.61961961961962e-7,0.1471629276596409
3.6276276276276277e-7,0.14415459513611092
3.635635635635636e-7,0.14114056023698587
3.643643643643644e-7,0.13812094218953724
3.651651651651652e-7,0.13509586044189112
3.65965965965966e-7,0.13206543465830323
3.667667667667668e-7,0.12902978471442522
3.675675675675676e-7,0.1259890306925625
3.683683683683684e-7,0.12294329287692528
3.691691691691692e-7,0.11989269174886814
3.6996996996997e-7,0.11683734798212618
3.707707707707708e-7,0.11377738243804138
3.715715715715716e-7,0.11071291616077955
3.723723723723724e-7,0.10764407037254517
3.731731731731732e-7,0.10457096646878371
3.7397397397397404e-7,0.1014937260133807
3.747747747747748e-7,0.09841247073385277
3.7557557557557564e-7,0.09532732251653235
3.763763763763764e-7,0.09223840340174627
3.771771771771772e-7,0.08914583557898809
3.77977977977978e-7,0.08604974138208464
3.787787787787788e-7,0.08295024328435682
3.795795795795796e-7,0.07984746389377466
3.803803803803804e-7,0.0767415259481081
3.811811811811812e-7,0.07363255231007078
3.8198198198198205e-7,0.07052066596245966
3.827827827827828e-7,0.06740599000329213
3.8358358358358365e-7,0.06428864764093437
3.843843843843844e-7,0.061168762189228655
3.851851851851852e-7,0.05804645706261518
3.8598598598598603e-7,0.05492185577125009
3.867867867867868e-7,0.051795081916119756
3.8758758758758763e-7,0.04866625918415121
3.883883883883884e-7,0.045535511343320546
3.8918918918918923e-7,0.04240296223775453
3.8998998998999e-7,0.03926873578283476
3.9079079079079083e-7,0.03613295596029369
3.9159159159159166e-7,0.03299574681331024
3.9239239239239244e-7,0.029857232441604948
3.9319319319319326e-7,0.026717536996528735
3.9399399399399404e-7,0.023576784676152873
3.947947947947948e-7,0.020435099720355846
3.9559559559559564e-7,0.017292606405908732
3.963963963963964e-7,0.014149429041559138
3.9719719719719724e-7,0.01100569196311367
3.97997997997998e-7,0.007861519528520627
3.987987987987988e-7,0.004717036112948523
3.995995995995996e-7,0.0015723661038681217
4.0040040040040045e-7,-0.0015723661038682213
4.012012012012013e-7,-0.004717036112948401
4.0200200200200205e-7,-0.007861519528520504
4.028028028028028e-7,-0.011005691963113547
4.036036036036036e-7,-0.014149429041558794
4.044044044044045e-7,-0.01729260640590883
4.0520520520520526e-7,-0.020435099720355725
4.0600600600600603e-7,-0.023576784676152752
4.068068068068068e-7,-0.026717536996528613
4.076076076076076e-7,-0.029857232441604827
4.0840840840840846e-7,-0.032995746813310335
4.0920920920920924e-7,-0.03613295596029357
4.1001001001001006e-7,-0.039268735782834636
4.1081081081081084e-7,-0.04240296223775441
4.116116116116116e-7,-0.045535511343320206
4.124124124124125e-7,-0.04866625918415131
4.1321321321321327e-7,-0.05179508191611964
4.1401401401401404e-7,-0.05492185577124997
4.148148148148148e-7,-0.05804645706261506
4.156156156156156e-7,-0.061168762189228315
4.1641641641641647e-7,-0.06428864764093446
4.1721721721721725e-7,-0.067405990003292
4.18018018018018e-7,-0.07052066596245954
4.1881881881881885e-7,-0.07363255231007043
4.196196196196196e-7,-0.07674152594810797
4.204204204204205e-7,-0.07984746389377476
4.212212212212213e-7,-0.08295024328435671
4.2202202202202206e-7,-0.08604974138208452
4.2282282282282283e-7,-0.08914583557898775
4.236236236236236e-7,-0.09223840340174592
4.244244244244245e-7,-0.09532732251653223
4.2522522522522526e-7,-0.09841247073385265
4.2602602602602603e-7,-0.10149372601338058
4.2682682682682686e-7,-0.10457096646878358
4.276276276276277e-7,-0.10764407037254527
4.2842842842842846e-7,-0.11071291616077965
4.292292292292293e-7,-0.11377738243804127
4.3003003003003007e-7,-0.11683734798212606
4.3083083083083084e-7,-0.11989269174886781
4.316316316316317e-7,-0.12294329287692515
4.324324324324325e-7,-0.1259890306925626
4.3323323323323327e-7,-0.12902978471442508
4.3403403403403405e-7,-0.13206543465830312
4.348348348348348e-7,-0.13509586044189079
4.356356356356357e-7,-0.13812094218953733
4.364364364364365e-7,-0.14114056023698576
4.372372372372373e-7,-0.1441545951361108
4.380380380380381e-7,-0.14716292765964079
4.3883883883883885e-7,-0.1501654388058751
4.3963963963963973e-7,-0.15316200980339179
4.404404404404405e-7,-0.15615252211574476
4.412412412412413e-7,-0.1591368574461543
4.4204204204204206e-7,-0.16211489774218527
4.4284284284284283e-7,-0.16508652520041817
4.436436436436437e-7,-0.168051622271108
4.444444444444445e-7,-0.17101007166283433
4.4524524524524526e-7,-0.1739617563471419
4.460460460460461e-7,-0.17690655956316928
4.4684684684684687e-7,-0.17984436482226776
4.4764764764764775e-7,-0.18277505591260962
4.484484484484485e-7,-0.18569851690378414
4.492492492492493e-7,-0.18861463215138483
4.5005005005005007e-7,-0.1915232863015837
4.5085085085085085e-7,-0.19442436429569357
4.516516516516517e-7,-0.19731775137472043
4.524524524524525e-7,-0.20020333308390192
4.532532532532533e-7,-0.2030809952772362
4.5405405405405405e-7,-0.2059506241219961
4.548548548548549e-7,-0.20881210610323322
4.556556556556557e-7,-0.21166532802826737
4.5645645645645653e-7,-0.21451017703116315
4.572572572572573e-7,-0.2173465405771977
4.580580580580581e-7,-0.22017430646730957
4.5885885885885886e-7,-0.22299336284253787
4.5965965965965974e-7,-0.22580359818844759
4.604604604604605e-7,-0.2286049013395396
4.612612612612613e-7,-0.23139716148364933
4.6206206206206206e-7,-0.23418026816633009
4.6286286286286284e-7,-0.23695411129522137
4.636636636636637e-7,-0.23971858114440486
4.644644644644645e-7,-0.24247356835874384
4.652652652652653e-7,-0.24521896395821022
4.660660660660661e-7,-0.24795465934219468
4.6686686686686687e-7,-0.25068054629380265
4.6766766766766775e-7,-0.25339651698413634
4.684684684684685e-7,-0.25610246397655706
4.692692692692693e-7,-0.2587982802309391
4.700700700700701e-7,-0.2614838591079011
4.7087087087087085e-7,-0.26415909437302554
4.7167167167167173e-7,-0.2668238802010612
4.724724724724725e-7,-0.2694781111801082
4.732732732732733e-7,-0.2721216823157895
4.740740740740741e-7,-0.2747544890354028
4.748748748748749e-7,-0.27737642719205835
4.7567567567567576e-7,-0.27998739306879766
4.7647647647647654e-7,-0.28258728338269634
4.772772772772773e-7,-0.2851759952889506
4.780780780780781e-7,-0.2877534263849449
4.78878878878879e-7,-0.29031947471430286
4.796796796796798e-7,-0.2928740387709197
4.804804804804805e-7,-0.29541701750297905
4.812812812812813e-7,-0.2979483103169487
4.820820820820821e-7,-0.3004678170815613
4.82882882882883e-7,-0.3029754381317741
4.836836836836837e-7,-0.3054710742727115
4.844844844844845e-7,-0.30795462678358976
4.852852852852853e-7,-0.31042599742162175
4.860860860860861e-7,-0.31288508842590274
4.868868868868869e-7,-0.3153318025212787
4.876876876876878e-7,-0.3177660429221921
4.884884884884886e-7,-0.3201877133365129
4.892892892892893e-7,-0.3225967179693466
4.900900900900901e-7,-0.3249929615268232
4.90890890890891e-7,-0.3273763492198675
4.916916916916918e-7,-0.329746786767948
4.924924924924925e-7,-0.332104180402807
4.932932932932933e-7,-0.3344484368721696
4.940940940940941e-7,-0.33677946344343274
4.94894894894895e-7,-0.3390971679073333
4.956956956956957e-7,-0.3414014585815945
4.964964964964965e-7,-0.3436922443145551
4.972972972972974e-7,-0.34596943448877304
4.980980980980981e-7,-0.3482329390246108
4.98898898898899e-7,-0.35048266838379877
4.996996996996997e-7,-0.3527185335729766
5.005005005005006e-7,-0.35494044614721415
5.013013013013013e-7,-0.35714831821351034
5.021021021021021e-7,-0.359342062434269
5.02902902902903e-7,-0.3615215920307547
5.037037037037038e-7,-0.3636868207865243
5.045045045045045e-7,-0.36583766305083915
5.053053053053053e-7,-0.3679740337420517
5.061061061061062e-7,-0.3700958483509716
5.06906906906907e-7,-0.3722030229442096
5.077077077077078e-7,-0.37429547416749526
5.085085085085085e-7,-0.3763731192489773
5.093093093093094e-7,-0.3784358760024958
5.101101101101101e-7,-0.3804836628308335
5.10910910910911e-7,-0.38251639872894516
5.117117117117117e-7,-0.3845340032871584
5.125125125125126e-7,-0.38653639669435874
5.133133133133133e-7,-0.38852349974114425
5.141141141141141e-7,-0.3904952338229586
5.149149149149149e-7,-0.3924515209432022
5.157157157157158e-7,-0.3943922837163158
5.165165165165166e-7,-0.39631744537084235
5.173173173173173e-7,-0.3982269297524643
5.181181181181181e-7,-0.40012066132701596
5.18918918918919e-7,-0.4019985651834703
5.197197197197198e-7,-0.4038605670369033
5.205205205205205e-7,-0.40570659323143293
5.213213213213214e-7,-0.407536570743131
5.221221221221221e-7,-0.4093504271829138
5.22922922922923e-7,-0.41114809079940484
5.237237237237237e-7,-0.4129294904817716
5.245245245245246e-7,-0.4146945557625412
5.253253253253254e-7,-0.4164432168203867
5.261261261261262e-7,-0.41817540448288815
5.26926926926927e-7,-0.4198910502292698
5.277277277277278e-7,-0.4215900861931113
5.285285285285286e-7,-0.4232724451650302
5.293293293293293e-7,-0.424938060595343
5.301301301301302e-7,-0.42658686659669653
5.30930930930931e-7,-0.42821879794667295
5.317317317317318e-7,-0.42983379009037254
5.325325325325325e-7,-0.43143177914296554
5.333333333333333e-7,-0.4330127018922192
5.341341341341342e-7,-0.43457649580099944
5.34934934934935e-7,-0.4361230990097432
5.357357357357358e-7,-0.43765245033890643
5.365365365365365e-7,-0.4391644892913842
5.373373373373374e-7,-0.44065915605490347
5.381381381381382e-7,-0.44213639150438894
5.38938938938939e-7,-0.44359613720430197
5.397397397397398e-7,-0.445038335410953
5.405405405405406e-7,-0.4464629290747842
5.413413413413413e-7,-0.4478698618426275
5.421421421421422e-7,-0.44925907805993376
5.42942942942943e-7,-0.4506305227729724
5.437437437437438e-7,-0.4519841417310079
5.445445445445446e-7,-0.45331988138844465
5.453453453453453e-7,-0.4546376889069441
5.461461461461463e-7,-0.4559375121575168
5.46946946946947e-7,-0.4572192997225829
5.477477477477478e-7,-0.45848300089800664
5.485485485485485e-7,-0.45972856569510256
5.493493493493494e-7,-0.4609559448426125
5.501501501501502e-7,-0.4621650897886542
5.50950950950951e-7,-0.46335595270264246
5.517517517517519e-7,-0.46452848647718137
5.525525525525526e-7,-0.465682644729927
5.533533533533534e-7,-0.4668183818054229
5.541541541541542e-7,-0.4679356527769061
5.549549549549551e-7,-0.4690344134480829
5.557557557557558e-7,-0.4701146203548794
5.565565565565566e-7,-0.4711762307671593
5.573573573573573e-7,-0.47221920269041434
5.581581581581583e-7,-0.4732434948674262
5.58958958958959e-7,-0.47424906677989764
5.597597597597598e-7,-0.47523587865005573
5.605605605605606e-7,-0.4762038914422256
5.613613613613614e-7,-0.47715306686437436
5.621621621621623e-7,-0.4780833673696255
5.62962962962963e-7,-0.4789947561577444
5.637637637637638e-7,-0.4798871971765945
5.645645645645646e-7,-0.48076065512356264
5.653653653653654e-7,-0.4816150954469563
5.661661661661662e-7,-0.48245048434736953
5.66966966966967e-7,-0.48326678877902063
5.677677677677678e-7,-0.4840639764510593
5.685685685685686e-7,-0.4848420158288438
5.693693693693694e-7,-0.48560087613518804
5.701701701701703e-7,-0.48634052735158
5.709709709709711e-7,-0.48706094021936813
5.717717717717718e-7,-0.4877620862409193
5.725725725725726e-7,-0.4884439376807463
5.733733733733734e-7,-0.48910646756660414
5.741741741741743e-7,-0.48974964969055823
5.74974974974975e-7,-0.49037345861001974
5.757757757757758e-7,-0.49097786964875334
5.765765765765766e-7,-0.49156285889785206
5.773773773773775e-7,-0.49212840321668433
5.781781781781782e-7,-0.4926744802338083
5.78978978978979e-7,-0.49320106834785726
5.797797797797799e-7,-0.49370814672839447
5.805805805805806e-7,-0.49419569531673635
5.813813813813815e-7,-0.49466369482674677
5.821821821821822e-7,-0.49511212674559923
5.829829829829831e-7,-0.4955409733345098
5.837837837837838e-7,-0.4959502176294384
5.845845845845846e-7,-0.49633984344176013
5.853853853853854e-7,-0.49670983535890534
5.861861861861863e-7,-0.4970601787449696
5.86986986986987e-7,-0.49739085974129266
5.877877877877878e-7,-0.49770186526700627
5.885885885885887e-7,-0.49799318301955214
5.893893893893895e-7,-0.49826480147516833
5.901901901901903e-7,-0.4985167098893451
5.90990990990991e-7,-0.49874889829724983
5.917917917917919e-7,-0.49896135751412163
5.925925925925926e-7,-0.4991540791356341
5.933933933933935e-7,-0.4993270555382282
5.941941941941942e-7,-0.49948027987941374
5.949949949949951e-7,-0.4996137460980397
5.957957957957958e-7,-0.49972744891453463
5.965965965965966e-7,-0.49982138383111496
5.973973973973974e-7,-0.4998955471319631
5.981981981981983e-7,-0.49994993588337444
5.989989989989991e-7,-0.4999845479338734
5.997997997997998e-7,-0.4999993819142987
6.006006006006006e-7,-0.499994437237857
6.014014014014015e-7,-0.49996971410014684
6.022022022022023e-7,-0.4999252134791502
6.03003003003003e-7,-0.49986093713519436
6.038038038038039e-7,-0.49977688761088196
6.046046046046046e-7,-0.49967306823099045
6.054054054054055e-7,-0.49954948310234076
6.062062062062062e-7,-0.4994061371136346
6.070070070070071e-7,-0.4992430359352612
6.078078078078079e-7,-0.49906018601907315
6.086086086086086e-7,-0.4988575945981307
6.094094094094095e-7,-0.49863526968641636
6.102102102102103e-7,-0.49839322007851716
6.110110110110111e-7,-0.49813145534927716
6.118118118118118e-7,-0.4978499858534189
6.126126126126126e-7,-0.49754882272513307
6.134134134134135e-7,-0.4972279778776387
6.142142142142143e-7,-0.4968874640027121
6.15015015015015e-7,-0.49652729457018385
6.158158158158158e-7,-0.49614748382740687
6.166166166166167e-7,-0.49574804679869244
6.174174174174175e-7,-0.49532899928471585
6.182182182182183e-7,-0.4948903578618917
6.19019019019019e-7,-0.49443213988171786
6.198198198198199e-7,-0.4939543634700891
6.206206206206206e-7,-0.49345704752658004
6.214214214214215e-7,-0.4929402117236979
6.222222222222223e-7,-0.49240387650610407
6.230230230230231e-7,-0.49184806308980505
6.238238238238238e-7,-0.4912727934613139
6.246246246246246e-7,-0.49067809037677984
6.254254254254255e-7,-0.49006397736108825
6.262262262262263e-7,-0.48943047870693074
6.270270270270271e-7,-0.4887776194738432
6.278278278278278e-7,-0.4881054254872148
6.286286286286288e-7,-0.4874139233372671
6.294294294294295e-7,-0.4867031403780014
6.302302302302303e-7,-0.48597310472611677
6.31031031031031e-7,-0.48522384525989853
6.318318318318319e-7,-0.4844553916180749
6.326326326326327e-7,-0.48366777419864504
6.334334334334335e-7,-0.4828610241576773
6.342342342342342e-7,-0.4820351734080754
6.350350350350351e-7,-0.48119025461831677
6.358358358358359e-7,-0.4803263012111606
6.366366366366367e-7,-0.4794433473623249
6.374374374374376e-7,-0.47854142799913535
6.382382382382383e-7,-0.47762057879914344
6.390390390390391e-7,-0.47668083618871476
6.398398398398398e-7,-0.47572223734158836
6.406406406406408e-7,-0.47474482017740666
6.414414414414415e-7,-0.47374862336021495
6.422422422422423e-7,-0.4727336862969317
6.43043043043043e-7,-0.47170004913579067
6.438438438438439e-7,-0.4706477527647518
6.446446446446447e-7,-0.4695768388098838
6.454454454454455e-7,-0.4684873496337191
6.462462462462463e-7,-0.46737932833357565
6.470470470470471e-7,-0.46625281873985375
6.478478478478479e-7,-0.46510786541430227
6.486486486486487e-7,-0.46394451364825473
6.494494494494495e-7,-0.462762809460839
6.502502502502503e-7,-0.46156279959715624
6.510510510510511e-7,-0.46034453152643173
6.518518518518519e-7,-0.45910805344013705
6.526526526526528e-7,-0.4578534142500846
6.534534534534536e-7,-0.45658066358649174
6.542542542542543e-7,-0.4552898517960178
6.550550550550551e-7,-0.4539810299397732
6.558558558558559e-7,-0.45265424979129837
6.566566566566568e-7,-0.4513095638345169
6.574574574574575e-7,-0.44994702526165914
6.582582582582583e-7,-0.4485666879711572
6.590590590590591e-7,-0.44716860656551366
6.598598598598599e-7,-0.4457528363491421
6.606606606606607e-7,-0.444319433326178
6.614614614614615e-7,-0.44286845419826465
6.622622622622624e-7,-0.4413999563623099
6.630630630630631e-7,-0.43991399790821467
6.638638638638639e-7,-0.4384106376165769
6.646646646646647e-7,-0.4368899349563643
6.654654654654656e-7,-0.4353519500825639
6.662662662662663e-7,-0.4337967438338007
6.670670670670671e-7,-0.4322243777299326
6.678678678678678e-7,-0.43063491396961545
6.686686686686688e-7,-0.4290284154278437
6.694694694694695e-7,-0.42740494565346304
6.702702702702703e-7,-0.4257645688666556
6.710710710710712e-7,-0.42410734995640126
6.718718718718719e-7,-0.42243335447790914
6.726726726726728e-7,-0.4207426486500252
6.734734734734735e-7,-0.41903529935261324
6.742742742742744e-7,-0.4173113741239088
6.750750750750751e-7,-0.4155709411578468
6.75875875875876e-7,-0.4138140693013655
6.766766766766767e-7,-0.41204082805168224
6.774774774774776e-7,-0.4102512875535437
6.782782782782783e-7,-0.40844551859645273
6.790790790790791e-7,-0.4066235926118667
6.798798798798799e-7,-0.4047855816703721
6.806806806806808e-7,-0.4029315584788345
6.814814814814816e-7,-0.401061596377522
6.822822822822823e-7,-0.39917576933720295
6.830830830830831e-7,-0.39727415195622195
6.83883883883884e-7,-0.39535681945754686
6.846846846846848e-7,-0.39342384768579486
6.854854854854855e-7,-0.39147531310423156
6.862862862862864e-7,-0.38951129279174573
6.870870870870871e-7,-0.38753186443980087
6.87887887887888e-7,-0.3855371063493623
6.886886886886887e-7,-0.38352709742779945
6.894894894894896e-7,-0.3815019171857636
6.902902902902904e-7,-0.37946164573404456
6.910910910910911e-7,-0.3774063637803997
6.91891891891892e-7,-0.375336152626362
6.926926926926928e-7,-0.373251094164026
6.934934934934936e-7,-0.3711512708728048
6.942942942942943e-7,-0.3690367658161695
6.950950950950951e-7,-0.366907662638364
6.95895895895896e-7,-0.36476404556109426
6.966966966966968e-7,-0.36260599938019855
6.974974974974975e-7,-0.3604336094622926
6.982982982982983e-7,-0.3582469617413918
6.990990990990992e-7,-0.3560461427155128
6.998998998999e-7,-0.3538312394432521
7.007007007007008e-7,-0.35160233954034203
7.015015015015015e-7,-0.3493595311761837
7.023023023023024e-7,-0.3471029030703614
7.031031031031031e-7,-0.34483254448913125
7.03903903903904e-7,-0.34254854524189027
7.047047047047048e-7,-0.34025099567762623
7.055055055055056e-7,-0.33793998668133973
7.063063063063063e-7,-0.3356156096704514
7.071071071071071e-7,-0.33327795659118625
7.07907907907908e-7,-0.33092711991493406
7.087087087087088e-7,-0.3285631926345942
7.095095095095096e-7,-0.3261862682608956
7.103103103103103e-7,-0.3237964408186973
7.111111111111112e-7,-0.3213938048432698
7.11911911911912e-7,-0.31897845537655595
7.127127127127128e-7,-0.3165504879634108
7.135135135135135e-7,-0.31410999864782113
7.143143143143144e-7,-0.3116570839691085
7.151151151151151e-7,-0.30919184095810803
7.15915915915916e-7,-0.3067143671333308
7.167167167167167e-7,-0.30422476049710856
7.175175175175176e-7,-0.3017231195317133
7.183183183183184e-7,-0.2992095431954635
7.191191191191191e-7,-0.29668413091881046
7.199199199199201e-7,-0.2941469826004027
7.207207207207208e-7,-0.2915981986031366
7.215215215215216e-7,-0.2890378797501855
7.223223223223223e-7,-0.2864661273210103
7.231231231231232e-7,-0.28388304304735407
7.23923923923924e-7,-0.28128872910921854
7.247247247247248e-7,-0.27868328813082127
7.255255255255255e-7,-0.27606682317653514
7.263263263263264e-7,-0.27343943774681395
7.271271271271272e-7,-0.2708012357740951
7.27927927927928e-7,-0.2681523216186911
7.287287287287288e-7,-0.26549280006466025
7.295295295295296e-7,-0.26282277631566064
7.303303303303304e-7,-0.2601423559907896
7.311311311311312e-7,-0.2574516451204063
7.31931931931932e-7,-0.2547507501419367
7.327327327327328e-7,-0.2520397778956623
7.335335335335336e-7,-0.24931883562049592
7.343343343343343e-7,-0.24658803094973758
7.351351351351353e-7,-0.2438474719068171
7.35935935935936e-7,-0.2410972669010239
7.367367367367368e-7,-0.23833752472321398
7.375375375375376e-7,-0.23556835454150898
7.383383383383383e-7,-0.23278986589697884
7.391391391391393e-7,-0.2300021686993056
7.3993993993994e-7,-0.22720537322243864
7.407407407407408e-7,-0.22439959010023122
7.415415415415416e-7,-0.2215849303220634
7.423423423423424e-7,-0.2187615052284523
7.431431431431432e-7,-0.21592942650664868
7.43943943943944e-7,-0.21308880618621784
7.447447447447448e-7,-0.21023975663460717
7.455455455455456e-7,-0.20738239055270374
7.463463463463464e-7,-0.204516820970373
7.471471471471472e-7,-0.20164316124199047
7.479479479479481e-7,-0.19876152504195657
7.487487487487488e-7,-0.19587202636019896
7.495495495495496e-7,-0.19297477949766448
7.503503503503503e-7,-0.1900698990617987
7.511511511511513e-7,-0.1871574999620096
7.51951951951952e-7,-0.1842376974051249
7.527527527527528e-7,-0.18131060689083364
7.535535535535537e-7,-0.17837634420711587
7.543543543543544e-7,-0.17543502542566547
7.551551551551553e-7,-0.17248676689729528
7.55955955955956e-7,-0.16953168524733786
7.567567567567569e-7,-0.16656989737102884
7.575575575575576e-7,-0.1636015204288861
7.583583583583584e-7,-0.16062667184207194
7.591591591591592e-7,-0.1576454692877511
7.599599599599601e-7,-0.15465803069443457
7.607607607607608e-7,-0.15166447423731325
7.615615615615616e-7,-0.1486649183335863
7.623623623623624e-7,-0.14565948163777398
7.631631631631633e-7,-0.1426482830370251
7.639639639639641e-7,-0.13963144164641503
7.647647647647648e-7,-0.13660907680423315
7.655655655655656e-7,-0.13358130806726068
7.663663663663664e-7,-0.13054825520604438
7.671671671671673e-7,-0.12751003820015527
7.67967967967968e-7,-0.12446677723344568
7.687687687687688e-7,-0.12141859268929367
7.695695695695696e-7,-0.11836560514584021
7.703703703703704e-7,-0.11530793537122022
7.711711711711712e-7,-0.11224570431878624
7.719719719719721e-7,-0.10917903312232288
7.727727727727729e-7,-0.10610804309125392
7.735735735735736e-7,-0.10303285570584649
7.743743743743744e-7,-0.09995359261240273
7.751751751751753e-7,-0.09687037561844862
7.759759759759761e-7,-0.0937833266879186
7.767767767767768e-7,-0.09069256793632581
7.775775775775776e-7,-0.08759822162593456
7.783783783783785e-7,-0.08450041016092441
7.791791791791793e-7,-0.08139925608254728
7.7997997997998e-7,-0.07829488206427875
7.807807807807808e-7,-0.0751874109069685
7.815815815815817e-7,-0.07207696553397953
7.823823823823825e-7,-0.06896366898632697
7.831831831831833e-7,-0.06584764441781178
7.83983983983984e-7,-0.06272901509014824
7.847847847847849e-7,-0.05960790436808668
7.855855855855856e-7,-0.056484435714536665
7.863863863863865e-7,-0.0533587326856795
7.871871871871873e-7,-0.05023091892608382
7.879879879879881e-7,-0.0471011181638132
7.887887887887888e-7,-0.043969454205530945
7.895895895895896e-7,-0.04083605093160344
7.903903903903905e-7,-0.037701032291200705
7.911911911911913e-7,-0.034564522297392423
7.919919919919921e-7,-0.03142664502224092
7.927927927927928e-7,-0.028287524591896363
7.935935935935937e-7,-0.02514728518168352
7.943943943943945e-7,-0.02200605101119061
7.951951951951953e-7,-0.018863946339358607
7.95995995995996e-7,-0.015721095459560557
7.967967967967969e-7,-0.012577622694687976
7.975975975975976e-7,-0.009433652392233838
7.983983983983985e-7,-0.0062893089193706165
7.991991991991992e-7,-0.003144716658033758
8.000000000000001e-7,-1.2246467991473532e-16
